Output image,flag,username,timestamp
"{""path"":""gradio_cached_examples/64/Output image/05803020fbaa07dfef05/image.png"",""url"":null,""size"":null,""orig_name"":""image.png"",""mime_type"":null}",,,2023-12-07 20:07:59.663525
"{""path"":""gradio_cached_examples/64/Output image/1ca7fa125d3bbb8888bb/image.png"",""url"":null,""size"":null,""orig_name"":""image.png"",""mime_type"":null}",,,2023-12-07 20:08:04.238811
"{""path"":""gradio_cached_examples/64/Output image/f9ceb3b9a5f0e1b73102/image.png"",""url"":null,""size"":null,""orig_name"":""image.png"",""mime_type"":null}",,,2023-12-07 20:08:08.734869
"{""path"":""gradio_cached_examples/64/Output image/69b5ea7801d01d77c4b4/image.png"",""url"":null,""size"":null,""orig_name"":""image.png"",""mime_type"":null}",,,2023-12-07 20:08:13.329007
"{""path"":""gradio_cached_examples/64/Output image/7ef38b641a21c71cd184/image.png"",""url"":null,""size"":null,""orig_name"":""image.png"",""mime_type"":null}",,,2023-12-07 20:08:17.668224
"{""path"":""gradio_cached_examples/64/Output image/b32a755acb8acfb68e97/image.png"",""url"":null,""size"":null,""orig_name"":""image.png"",""mime_type"":null}",,,2023-12-07 20:08:21.993564
"{""path"":""gradio_cached_examples/64/Output image/345d6a40644012693da4/image.png"",""url"":null,""size"":null,""orig_name"":""image.png"",""mime_type"":null}",,,2023-12-07 20:08:26.386751
"{""path"":""gradio_cached_examples/64/Output image/2462e13dbedb9f30146c/image.png"",""url"":null,""size"":null,""orig_name"":""image.png"",""mime_type"":null}",,,2023-12-07 20:08:30.918539
"{""path"":""gradio_cached_examples/64/Output image/be8cda2f19339a9f00ed/image.png"",""url"":null,""size"":null,""orig_name"":""image.png"",""mime_type"":null}",,,2023-12-07 20:08:35.565773
"{""path"":""gradio_cached_examples/64/Output image/f894cdffb21c691987fd/image.png"",""url"":null,""size"":null,""orig_name"":""image.png"",""mime_type"":null}",,,2023-12-07 20:08:40.143231
"{""path"":""gradio_cached_examples/64/Output image/5aceba97058aac3fc35e/image.png"",""url"":null,""size"":null,""orig_name"":""image.png"",""mime_type"":null}",,,2023-12-07 20:08:44.675933
"{""path"":""gradio_cached_examples/64/Output image/8a77702d6cd9f92d805c/image.png"",""url"":null,""size"":null,""orig_name"":""image.png"",""mime_type"":null}",,,2023-12-07 20:08:49.259412
"{""path"":""gradio_cached_examples/64/Output image/63dd6876cdc7a7c07a69/image.png"",""url"":null,""size"":null,""orig_name"":""image.png"",""mime_type"":null}",,,2023-12-07 20:08:53.844016
"{""path"":""gradio_cached_examples/64/Output image/67d6fabe2d761762da47/image.png"",""url"":null,""size"":null,""orig_name"":""image.png"",""mime_type"":null}",,,2023-12-07 20:09:07.805056
"{""path"":""gradio_cached_examples/64/Output image/b68703ac00660c21ff02/image.png"",""url"":null,""size"":null,""orig_name"":""image.png"",""mime_type"":null}",,,2023-12-07 20:09:11.174989
"{""path"":""gradio_cached_examples/64/Output image/ff3263837132c1997d40/image.png"",""url"":null,""size"":null,""orig_name"":""image.png"",""mime_type"":null}",,,2023-12-07 20:09:13.844004
"{""path"":""gradio_cached_examples/64/Output image/cb56586269906060885d/image.png"",""url"":null,""size"":null,""orig_name"":""image.png"",""mime_type"":null}",,,2023-12-07 20:09:17.391530
"{""path"":""gradio_cached_examples/64/Output image/a0fb357c7cbc87ef87eb/image.png"",""url"":null,""size"":null,""orig_name"":""image.png"",""mime_type"":null}",,,2023-12-07 20:09:24.581975
"{""path"":""gradio_cached_examples/64/Output image/915231187fa70301c750/image.png"",""url"":null,""size"":null,""orig_name"":""image.png"",""mime_type"":null}",,,2023-12-07 20:09:27.646537
"{""path"":""gradio_cached_examples/64/Output image/0507bd162e8d712a99e0/image.png"",""url"":null,""size"":null,""orig_name"":""image.png"",""mime_type"":null}",,,2023-12-07 20:09:29.882456
